<?xml version="1.0" encoding="UTF-8"?>

<mule xmlns:batch="http://www.mulesoft.org/schema/mule/batch" xmlns:data-mapper="http://www.mulesoft.org/schema/mule/ee/data-mapper" xmlns:sfdc="http://www.mulesoft.org/schema/mule/sfdc" xmlns:file="http://www.mulesoft.org/schema/mule/file" xmlns="http://www.mulesoft.org/schema/mule/core" xmlns:doc="http://www.mulesoft.org/schema/mule/documentation" xmlns:spring="http://www.springframework.org/schema/beans" version="EE-3.5.0" xmlns:xsi="http://www.w3.org/2001/XMLSchema-instance" xsi:schemaLocation="http://www.springframework.org/schema/beans http://www.springframework.org/schema/beans/spring-beans-current.xsd
http://www.mulesoft.org/schema/mule/core http://www.mulesoft.org/schema/mule/core/current/mule.xsd
http://www.mulesoft.org/schema/mule/file http://www.mulesoft.org/schema/mule/file/current/mule-file.xsd
http://www.mulesoft.org/schema/mule/batch http://www.mulesoft.org/schema/mule/batch/current/mule-batch.xsd
http://www.mulesoft.org/schema/mule/ee/data-mapper http://www.mulesoft.org/schema/mule/ee/data-mapper/current/mule-data-mapper.xsd
http://www.mulesoft.org/schema/mule/sfdc http://www.mulesoft.org/schema/mule/sfdc/current/mule-sfdc.xsd">

    <sfdc:config name="Salesforce" username="yourusername" password="password" securityToken="sfdctoken" doc:name="Salesforce">
        <sfdc:connection-pooling-profile initialisationPolicy="INITIALISE_ONE" exhaustedAction="WHEN_EXHAUSTED_GROW"/>
    </sfdc:config>
    <data-mapper:config name="new_mapping_grf" transformationGraphPath="new_mapping.grf" doc:name="DataMapper"/>
    <data-mapper:config name="new_mapping_1_grf" transformationGraphPath="new_mapping_1.grf" doc:name="DataMapper"/>
    <data-mapper:config name="leads_grf" transformationGraphPath="leads.grf" doc:name="DataMapper"/>
    <data-mapper:config name="csv_to_lead_grf" transformationGraphPath="csv-to-lead.grf" doc:name="DataMapper"/>
    <batch:job max-failed-records="1000" name="Create Leads" >
        <batch:threading-profile poolExhaustedAction="WAIT"/>
        <batch:input>
            <file:inbound-endpoint path="src/test/resources/input" moveToDirectory="src/test/resources/output" responseTimeout="10000" doc:name="File"/>
            <data-mapper:transform config-ref="csv_to_lead_grf" doc:name="CSV to Lead"/>
        </batch:input>
        <batch:process-records>
            <batch:step name="lead-check" >
                <enricher source="#[payload.size() &gt; 0]" target="#[recordVars['exists']]" doc:name="Message Enricher">
                    <sfdc:query config-ref="Salesforce" query="dsql:SELECT Id FROM Lead WHERE Email = '#[payload[&quot;Email&quot;]]'" doc:name="Find Lead"/>
                </enricher>
            </batch:step>
            <batch:step name="Batch_Step"   filter-expression="#[!recordVars['exists']]">
                <logger message="Got Record #[payload], it exists #[recordVars['exists']]" level="INFO" doc:name="Logger"/>
                <batch:commit size="200" doc:name="Batch Commit">
                    <sfdc:create config-ref="Salesforce" type="Lead" doc:name="Insert Lead">
                        <sfdc:objects ref="#[payload]"/>
                    </sfdc:create>
                </batch:commit>
            </batch:step>
            <batch:step name="log-failures" accept-policy="ONLY_FAILURES" >
                <logger message="Got Failure #[payload]" level="INFO" doc:name="Log Failure"/>
            </batch:step>
        </batch:process-records>
        <batch:on-complete>
            <logger message="#[payload.loadedRecords] Loaded Records #[payload.failedRecords] Failed Records" level="INFO" doc:name="Log Results"/>
        </batch:on-complete>
    </batch:job>
</mule>
